Elongation,UTS,Conductivity
14.585831642150879,10.354806900024414,61.227169036865234
